username,full_name,email,domain,years_of_experience,company,job_title,bio,linkedin_profile,github_profile,availability,preferred_communication,languages,rating,num_mentees,joined_date,last_active
oturner,Andrew Austin,gholt@example.org,Blockchain,9,Thompson Group,Social researcher,Fill hotel employee enjoy. Statement wall event easy. Part here direction section.,https://www.linkedin.com/in/littlebrian/,https://github.com/davisann,Flexible,Email,"Quechua, Slovak",3.9,7,2019-11-18 02:43:25,2024-07-23 08:52:00
michael21,Manuel Tucker,sguzman@example.com,Electrical Engineering,4,Mcdowell Ltd,Armed forces operational officer,Attorney kitchen across. Last worry address all various something. Several item soon lead minute.,https://www.linkedin.com/in/christopher49/,https://github.com/mooreabigail,Weekends,Video Call,Tonga,4.6,6,2024-07-10 09:16:11,2024-07-14 07:51:57
mblair,Scott Jackson,phendricks@example.net,Content Writing,13,Smith-Lee,Statistician,Election network because particularly return could hope. Opportunity successful instead step should. Worry turn hospital everyone.,https://www.linkedin.com/in/ibaker/,https://github.com/erikahernandez,Flexible,Email,"Yoruba, Bambara",3.6,5,2024-07-25 01:42:42,2024-04-25 09:21:01
daniel01,Michael Marshall,jburnett@example.org,Computer Vision,12,Gray LLC,Neurosurgeon,Success no week Democrat task. Street catch choice when choice.,https://www.linkedin.com/in/christinegaines/,https://github.com/rbailey,Flexible,Video Call,Samoan,4.8,3,2023-12-24 18:45:24,2024-06-19 17:00:41
erica57,Robert Vaughan,thomasjoseph@example.net,Web Development,21,Perkins Group,Clinical molecular geneticist,Central compare join process. Benefit wrong list among. Pay garden many east soldier.,https://www.linkedin.com/in/lochoa/,https://github.com/yprice,Weekends,Chat,"Esperanto, Greek",4.7,10,2024-02-13 10:56:31,2024-01-10 22:57:05
amber47,Jill Cook,justin62@example.net,Civil Engineering,12,Joyce-Harrison,Immigration officer,Source create factor nor page forward. Democrat up little carry number. Record learn another become smile stay.,https://www.linkedin.com/in/shannon09/,https://github.com/lorithompson,Weekdays,Video Call,"Indonesian, Tagalog",5.0,1,2024-07-04 23:15:30,2024-05-28 19:35:29
dawnmartinez,Andrew Bates,jefferywu@example.com,Neuroscience,13,Huff-Weber,Printmaker,Scene full off suggest time agency paper. Member head institution rise trip big population. Health season truth send picture including.,https://www.linkedin.com/in/olsonrebekah/,https://github.com/wmorales,Flexible,Chat,Limburgan,4.2,3,2020-11-16 13:06:53,2024-02-12 06:23:26
mossmichael,Brittany Wall,scottbutler@example.com,Robotics,5,Washington Ltd,Marine scientist,Front board common way live yet. Total black industry end technology about hand.,https://www.linkedin.com/in/jensenerika/,https://github.com/richardtran,Weekdays,Chat,"Hindi, Haitian",4.3,5,2021-07-28 03:33:19,2024-04-21 15:26:22
pacekathleen,Robert Scott,sherrybush@example.net,Human Resources,4,Powers Group,Advertising art director,Serve environment near change shake family seek. Clear yeah Mrs. Suggest expert run relate some by.,https://www.linkedin.com/in/acarrillo/,https://github.com/davidstephens,Weekdays,Chat,Chamorro,4.1,3,2022-08-05 10:19:13,2024-05-11 12:17:08
tiffany61,Caleb Cisneros,caitlyn42@example.org,Aerospace Engineering,18,Haynes LLC,"Psychotherapist, child",Information simple a support. Bit they site exactly without control.,https://www.linkedin.com/in/vchaney/,https://github.com/wileyrichard,Weekends,Video Call,Pali,4.2,5,2022-03-21 04:47:51,2024-05-25 18:10:07
ortegageorge,Tracy Brown,wisenicole@example.com,Project Management,9,"Phillips, Jones and Miller",Public house manager,Letter member believe true. Wind base eat take. Lawyer short make after. I either resource end purpose only.,https://www.linkedin.com/in/gregmcgee/,https://github.com/adamsphillip,Weekdays,Email,Hungarian,3.6,6,2022-10-29 21:34:24,2024-04-30 09:06:57
jacobtorres,Brad Stevens,aliciaschroeder@example.com,Economics,7,"Lewis, Garcia and Murphy",Senior tax professional/tax inspector,Show despite down ability front wide no. Tree move policy see. Spring dark picture stock.,https://www.linkedin.com/in/rsmith/,https://github.com/maryperez,Weekdays,Email,"Chichewa, Amharic, Icelandic",3.5,4,2024-02-05 09:49:38,2024-07-04 16:08:09
llong,Alan Page,cassandra57@example.com,Customer Service,13,Mejia-Ramirez,Information officer,Then free wind. Grow hope oil. Television per student.,https://www.linkedin.com/in/johnstonspencer/,https://github.com/kevin22,Flexible,Video Call,Ido,4.2,3,2020-02-02 09:34:37,2024-03-02 23:28:42
ryangross,John Campbell,wendy53@example.com,Project Management,20,Parker and Sons,"Scientist, product/process development",Of him leg key action. Design teacher media month others behind policy. Senior arm of walk military little.,https://www.linkedin.com/in/hicksamy/,https://github.com/rebeccaallen,Flexible,Email,"Lingala, Oriya",4.8,0,2023-03-10 19:07:32,2024-06-30 17:27:46
donaldthompson,Matthew Brooks,mark73@example.org,Economics,6,Barnes LLC,Recruitment consultant,Likely deal low. Likely alone husband. Rock rather name long ahead.,https://www.linkedin.com/in/johnsonmark/,https://github.com/olsonmatthew,Weekends,Email,"Central Khmer, Malay",3.7,9,2024-01-06 20:12:51,2024-05-07 21:53:46
bellpatrick,Ms. Anna Jackson DVM,chaneypamela@example.com,Project Management,14,"Gates, Wright and Morton",Health physicist,Certainly yet citizen science half. Small name office him outside send entire.,https://www.linkedin.com/in/gatesjoel/,https://github.com/christophermoore,Weekdays,Email,"Chinese, Kuanyama",4.8,6,2020-08-13 20:29:59,2024-02-24 21:29:50
keith30,Heather Young,itodd@example.com,Blockchain,16,"Hayden, Barajas and Jones",Pathologist,Be continue into yard who wear eat. Citizen alone worker hear send third personal. Foreign a big wife reason really.,https://www.linkedin.com/in/davenporttammy/,https://github.com/nicholaswilkins,Weekends,Email,Oriya,4.9,10,2021-11-12 19:07:42,2024-04-06 09:37:43
jimenezmary,Brandi Moran,kkramer@example.org,Operations Management,16,Lowe-Wilson,Community development worker,Risk cold church argue. Bit same general nothing born stage upon race.,https://www.linkedin.com/in/martinezrobin/,https://github.com/tammy90,Weekends,Chat,Sichuan Yi,5.0,9,2022-01-09 08:21:50,2024-03-05 05:36:31
richard17,Martha Woods,popedaniel@example.org,Environmental Science,6,"Bennett, Arias and Walker",Amenity horticulturist,Data simple current cost significant pick book. Sort personal little indeed any professional. Boy animal itself.,https://www.linkedin.com/in/michellesmith/,https://github.com/megan50,Flexible,Email,"Kuanyama, Vietnamese, Kannada",4.8,3,2024-05-29 13:01:37,2024-04-19 05:06:05
charlesmartinez,Valerie Horton,benjamin10@example.com,Robotics,6,Moran Ltd,"Engineer, broadcasting (operations)",Hour wife note model. Across leg from upon who. Happen wide station win claim.,https://www.linkedin.com/in/vlozano/,https://github.com/adam64,Weekdays,Email,Telugu,3.9,5,2019-10-30 16:54:48,2024-05-31 16:10:53
wlucas,Julie Perry,browncourtney@example.org,Robotics,21,"James, Chase and Young",Lawyer,Something gun event site true parent. Think establish way bank about.,https://www.linkedin.com/in/martinezthomas/,https://github.com/katrinadyer,Weekends,Video Call,Sango,4.4,6,2022-01-04 17:55:29,2024-05-19 20:30:45
andersonjacqueline,Ryan Patterson,cwallace@example.com,Civil Engineering,20,"Smith, Foster and Stein",Brewing technologist,Situation message main summer factor manager. Power light job watch. Leg life help return system society side.,https://www.linkedin.com/in/marynorris/,https://github.com/claudia77,Weekends,Email,"Igbo, Twi, Persian",4.0,8,2021-06-15 13:53:15,2024-03-24 10:30:14
jennifercollins,Leah Gray,ndavis@example.org,Renewable Energy,8,Leonard and Sons,"Psychologist, sport and exercise",Section respond law push reality. Participant movie home describe. Step simple recently admit agree cost simple.,https://www.linkedin.com/in/thomasreynolds/,https://github.com/stacey11,Weekends,Email,"Tagalog, Nauru, Igbo",3.9,8,2022-09-04 18:32:18,2024-05-16 21:27:03
matthewherman,Andrea Wang,laura73@example.org,Internet of Things,5,"Trujillo, Grant and Hill","Merchandiser, retail",Away order hope benefit always seven list campaign. Either drop dog reveal here myself.,https://www.linkedin.com/in/emilywalters/,https://github.com/thomasgutierrez,Flexible,Chat,Lingala,4.5,3,2021-11-24 06:47:37,2024-02-21 06:09:00
mmyers,Jacob Davis,dunnkim@example.com,Political Science,15,English PLC,Clinical molecular geneticist,Since politics degree black. Relate professor child see last.,https://www.linkedin.com/in/chadrobinson/,https://github.com/robertwhite,Flexible,Video Call,Icelandic,4.1,5,2023-08-29 20:39:27,2024-03-30 06:22:54
smithelizabeth,Jennifer West,qwilliams@example.org,Marketing,10,"Hunter, Henry and Richardson",Optometrist,First provide process mind. Interesting film outside describe beautiful wonder herself.,https://www.linkedin.com/in/sawyermichael/,https://github.com/meyersara,Weekends,Video Call,"Esperanto, Yiddish, Abkhazian",4.2,3,2024-02-04 04:05:28,2024-05-25 10:05:22
sherryblackwell,Martha Maddox,mistylewis@example.com,Education,9,"Stephens, Martinez and Herrera",Curator,Move imagine economic force. Suggest traditional way enough point. Somebody science money include suffer decide stage possible.,https://www.linkedin.com/in/kristine21/,https://github.com/leeapril,Weekends,Video Call,"Sango, Turkish",4.8,1,2020-06-09 05:42:31,2024-04-07 02:41:59
acervantes,Anne Wells,john66@example.org,Sociology,19,Harper Group,"Therapist, occupational",Three simple enter various second compare. Serve attack ground law later focus right technology.,https://www.linkedin.com/in/brian60/,https://github.com/lisasmith,Weekdays,Video Call,Mongolian,4.5,1,2020-01-29 11:05:01,2024-04-07 06:17:26
isabella57,Larry Yu,manuel65@example.org,Machine Learning,21,"Aguilar, Green and Jones","Surveyor, mining",Easy market together. Yet heart production pressure.,https://www.linkedin.com/in/samanthadennis/,https://github.com/ppoole,Weekdays,Video Call,"Spanish, Dutch, Hebrew",4.5,9,2024-05-26 03:13:19,2024-05-13 19:14:37
derek01,Mr. Craig Hill,pshaw@example.net,Sociology,18,"Davis, Wilkinson and Green","Engineer, control and instrumentation",No key animal. Film standard father simple.,https://www.linkedin.com/in/adamschristina/,https://github.com/armstrongronald,Weekends,Email,"Slovak, Icelandic",3.9,1,2022-11-15 00:59:57,2024-07-30 12:21:00
xcastillo,Karen Smith,russell11@example.net,Political Science,11,Schultz-Johnson,"Surveyor, minerals",Name thought difference conference world of clear. At family rock feel establish expert full another. Play spend build stage establish never.,https://www.linkedin.com/in/dawn71/,https://github.com/craigtyler,Flexible,Video Call,Herero,4.6,6,2024-01-27 05:40:38,2024-02-23 19:29:31
pbrown,Erica Vargas,rosejeffrey@example.com,Computer Vision,23,"Montgomery, Miranda and Miller",Wellsite geologist,Character job best free help full. Situation sort need discover guess relate him.,https://www.linkedin.com/in/leslieliu/,https://github.com/michelleschaefer,Weekdays,Email,"Czech, Breton",4.2,1,2021-06-07 02:32:14,2024-07-29 00:41:30
kreynolds,Travis Rogers,brian94@example.org,Project Management,6,Maldonado-Stone,Communications engineer,Wall last increase six clearly under poor lay. Possible fast step teach money management.,https://www.linkedin.com/in/michellemaldonado/,https://github.com/fflowers,Weekends,Email,Komi,4.6,2,2021-09-10 03:04:41,2024-05-08 14:54:24
hyoung,Natalie Martin,lopeztrevor@example.org,Human Resources,5,Hall Inc,Educational psychologist,For red Republican put movement build. Simply behavior eat garden green any once. House product early hair what Congress interest.,https://www.linkedin.com/in/dennis31/,https://github.com/fcollins,Weekends,Email,"Chuvash, Polish",4.9,3,2019-12-18 02:24:25,2024-07-01 22:36:31
matthewrussell,Anita Moyer,nicholasberry@example.org,Economics,3,"Garcia, Ford and Simmons",Estate manager/land agent,Give foot each term. Stay specific director letter tonight. Own person section about send chance.,https://www.linkedin.com/in/stevencook/,https://github.com/rebeccaarmstrong,Weekends,Video Call,Latin,3.6,0,2020-12-05 23:28:00,2024-06-15 10:21:04
lukewilkinson,Dennis Castillo MD,djohnson@example.net,Web Development,3,"Campbell, Adams and Williams",Astronomer,Bring recently table. Around keep memory lead.,https://www.linkedin.com/in/randallmelinda/,https://github.com/sandra83,Weekends,Email,Urdu,4.3,10,2021-06-29 11:41:41,2024-07-24 00:09:42
victoriabrandt,Felicia Avila,lauren66@example.net,Nanotechnology,24,Massey-Smith,Dispensing optician,Raise physical until million safe.,https://www.linkedin.com/in/zacharyrodriguez/,https://github.com/tlong,Weekends,Video Call,"Bislama, Tagalog, Croatian",4.4,4,2023-10-04 23:25:40,2024-06-05 17:08:50
jenkinslauren,Stephanie Mason,hallwilliam@example.net,Big Data Analytics,15,Hall-Jones,Commissioning editor,Happen health cut almost challenge what safe. Husband able only glass. Other compare subject education wind imagine.,https://www.linkedin.com/in/brian84/,https://github.com/apeterson,Weekends,Video Call,"Ossetian, Oromo, Kurdish",3.8,8,2023-12-04 06:22:38,2024-01-10 21:53:47
thomascassandra,Anthony Lucero,ysmith@example.org,Environmental Science,25,Walters-Watts,Emergency planning/management officer,Fear do analysis young scientist American fill. Purpose its beyond gas word operation.,https://www.linkedin.com/in/ashley44/,https://github.com/patricia95,Weekends,Video Call,"Latvian, Oromo",4.4,6,2020-10-01 08:35:54,2024-05-11 13:13:20
isutton,Kristen Haas,chelsea99@example.org,Augmented Reality,13,Conner and Sons,Soil scientist,National state such west end surface. Baby describe wonder easy young.,https://www.linkedin.com/in/davispaul/,https://github.com/melinda54,Weekdays,Video Call,"Swedish, Tahitian",4.1,9,2024-01-11 20:42:09,2024-02-20 06:46:54
christinevaldez,Yolanda Stanley,brownkayla@example.com,Quantum Computing,24,"Fleming, Livingston and Key",Broadcast engineer,Especially fact project over suddenly be near describe. Local central federal collection store. Action central since these form. Everybody she else significant expect.,https://www.linkedin.com/in/nancyhunt/,https://github.com/combstracy,Weekends,Email,"Lao, Thai",4.1,10,2020-09-24 06:51:51,2024-02-24 00:26:30
savannah11,Cody Arnold,lbell@example.net,Political Science,13,Garrett-Nguyen,Arboriculturist,Song begin pattern under sell land edge all. With until name job you same.,https://www.linkedin.com/in/walter19/,https://github.com/jason57,Weekends,Video Call,"Yiddish, Croatian, Central Khmer",3.5,9,2023-06-21 00:10:33,2024-03-05 07:45:25
jonesmorgan,Alexandria Baxter,david41@example.org,Chemical Engineering,17,Benjamin and Sons,Social researcher,Officer act court discover than. Argue to enjoy participant continue poor line consider.,https://www.linkedin.com/in/phickman/,https://github.com/jkemp,Weekends,Video Call,Kannada,4.1,4,2020-11-26 01:34:28,2024-05-03 19:59:30
nmorrison,Sharon Burns,tiffany58@example.net,Virtual Reality,10,Suarez and Sons,Broadcast journalist,Air realize source. Help deep business require rich whole.,https://www.linkedin.com/in/davidbaker/,https://github.com/jaclyn30,Weekdays,Video Call,"Kirghiz, Romansh",4.5,0,2020-03-03 09:38:40,2024-06-12 09:30:49
deborah31,Ashley Weiss,mjohnson@example.net,Human Resources,13,Martinez-White,Herbalist,Rule back budget.,https://www.linkedin.com/in/matthew91/,https://github.com/suttonjoshua,Weekends,Email,"Kurdish, Sardinian",3.7,8,2022-12-12 17:58:01,2024-04-29 18:41:21
schneiderkimberly,Nicole Ross,michaelrose@example.org,UX/UI Design,25,Lopez Inc,Clothing/textile technologist,Pass describe level along article ready southern. Change firm word choice air already these.,https://www.linkedin.com/in/kennethscott/,https://github.com/michelleramirez,Weekends,Video Call,"Bengali, Wolof, Malay",3.8,6,2023-05-21 00:31:47,2024-04-16 13:55:53
andrew97,Matthew Williams,vfoley@example.com,UX/UI Design,3,Young-Avila,Futures trader,Certainly rule physical customer doctor ask. Individual purpose while hand.,https://www.linkedin.com/in/dwaynecollins/,https://github.com/qwilliams,Flexible,Video Call,Tsonga,3.6,10,2021-07-06 21:12:26,2024-07-17 16:40:15
adamcastillo,Amber Cooper,matthew87@example.net,Cloud Computing,14,"Baker, Potter and Decker",Human resources officer,Yeah skin middle. Argue majority bill event million.,https://www.linkedin.com/in/delgadodeborah/,https://github.com/lisa42,Weekends,Email,Hungarian,5.0,1,2023-02-21 06:10:53,2024-06-20 20:11:16
bethanykim,Courtney Campbell,susanphelps@example.org,Sociology,19,Walker LLC,"Engineer, production",Born establish turn second at. Republican defense trade together middle bar. Speech my current go production.,https://www.linkedin.com/in/coffeyallison/,https://github.com/rnorton,Flexible,Video Call,Akan,4.1,6,2024-01-08 18:35:00,2024-03-09 14:02:37
jasondixon,Travis Webster,charris@example.net,Political Science,10,Singh Ltd,"Horticulturist, amenity",Really despite compare. Each magazine every necessary culture. College explain consumer few partner. Fund by doctor instead health you traditional which.,https://www.linkedin.com/in/cdaniel/,https://github.com/wallsalan,Weekdays,Chat,"Luba-Katanga, Northern Sami",4.3,7,2020-11-12 00:54:03,2024-05-17 02:40:56
